Run-original,Point,uavg_m_s,vavg_m_s,wavg_m_s,uu_bar,uv_bar,uw_bar,vv_bar,vw_bar,ww_bar,snr1,snr2,snr3,snr4,cor1,cor2,cor3,cor4
Run1A,1,0.446311091,-0.005855726,0.000261497,0.015691729,-0.002136073,-0.004186005,0.004394982,0.001153446,0.006809466,18.56167719,21.00982867,15.77502254,15.77718665,80.93958521,81.35617674,80.16501353,79.54733995
Run1A,2,0.531744582,-0.000535604,0.005417957,0.014784498,-0.000970004,-0.004217186,0.003600191,0.000349362,0.00624555,18.56362229,20.99303406,15.79411765,15.78119195,82.60603715,83.14318885,78.35913313,81.28560372
Run1A,3,0.574550525,0.004855329,0.006885699,0.012619431,-0.000337823,-0.003325715,0.003291833,0.000169776,0.005417409,18.56874655,21.00220872,15.78873551,15.77090006,83.12203203,83.88956378,80.96355605,81.38045279
Run1A,4,0.651582155,0.011667403,0.012565813,0.010278407,-0.00096843,-0.00225119,0.00316361,6.67E-05,0.004654295,18.55733216,20.99293286,15.78683746,15.76029152,84.60114841,85.39531802,83.53754417,82.90636042
Run1A,5,0.705395909,0.019406338,0.027664661,0.007913098,-0.000714999,-0.001531268,0.002538088,0.000124766,0.003520076,18.56393903,21.00072202,15.80605696,15.76121139,85.92699559,85.9775371,84.29763337,85.24107501
Run1A,6,0.743704756,0.010686922,0.043852708,0.005195648,-0.000702044,-0.000283417,0.002155208,0.000322653,0.009351665,18.5672391,21.00244386,15.57912814,15.10468956,88.58982827,89.34610304,85.51981506,77.01321004
Run1A,7,0.537758363,-0.000737898,0.069423849,0.008413015,-0.000385418,-0.001661393,0.002402398,7.84E-05,0.00428491,18.54828808,20.98036206,15.78445494,15.74458874,86.36835891,87.20385675,85.90712318,85.45218418
Run1A,8,0.708929646,0.043286283,0.030137168,0.004716705,-0.000404128,-0.000304352,0.002534273,0.000931773,0.003635302,18.53765487,20.97079646,15.7740708,15.71920354,82.5880531,85.10221239,84.53938053,84.21769912
Run1A,9,0.935333333,-0.037066667,0.102333333,0.005047556,0.000564756,0.005964622,0.002134596,0.009911289,0.075779556,18.64666667,21.04,15.28666667,12.16,76.86666667,75.86666667,79.06666667,33.86666667
Run1A,10,-0.199990216,0.006653965,0.057504634,0.004744397,-2.00E-05,-0.000743918,0.003030713,-2.14E-05,0.008392219,18.51658084,20.94201854,15.75499485,15.7200309,86.04273944,86.3208033,82.07826982,81.70751802
Run1B,1,0.508020765,-0.015162842,-0.006949727,0.013790591,-0.002388613,-0.003681916,0.004937102,0.001429889,0.00729838,18.6515847,21.10874317,15.82262295,15.7652459,80.32349727,80.4273224,79.98907104,78.48852459
Run1B,2,0.578202214,-0.003715867,-0.009438376,0.014849009,-0.000828261,-0.004089727,0.004062056,0.000463084,0.007116279,18.66332103,21.11468635,15.83712177,15.75726937,81.77564576,81.96678967,80.59261993,80.53800738
Run1B,3,0.641050257,-0.00252313,-0.010511708,0.012054556,-0.001474808,-0.003125168,0.003969851,0.000676221,0.005597917,18.66293547,21.11250714,15.8374072,15.76430611,82.43118218,83.05653912,81.33066819,81.26099372
Run1B,4,0.701199706,0.003747301,-0.020069676,0.010088171,-0.001173344,-0.002476249,0.003661178,0.000246246,0.005176425,18.66226693,21.11000981,15.837684,15.76202159,83.6501472,84.31795878,82.86457311,82.218842
Run1B,5,0.779712698,-2.52E-05,-0.027955109,0.008809424,-0.000826121,-0.001891569,0.002520828,0.000228941,0.003819135,18.6645575,21.11522018,15.84442069,15.76160752,85.41684481,85.90294998,84.55793074,84.73407439
Run1B,6,0.853329119,-0.007601149,-0.046136782,0.005580116,-0.000503566,-0.001427497,0.001904486,0.000351741,0.012560833,18.66582375,21.1145977,15.8364751,14.97969349,87.98544061,88.1651341,86.89616858,77.10689655
Run1B,7,0.620483673,0.022382857,0.056354694,0.010571902,-0.000154362,-0.001848378,0.003009636,0.000224659,0.00483114,18.65420408,21.10334694,15.84502041,15.75265306,85.48979592,85.93632653,84.80571429,84.13265306
Run1B,8,0.810671687,0.056857143,0.124392427,0.005419592,-0.000352961,0.000309799,0.002743906,0.00048462,0.003146476,18.64638554,21.10163511,15.83635972,15.74625645,84.30981067,84.95266781,84.16566265,82.88726334
Run1B,9,0.980983607,0.012622951,0.07342623,0.004256574,0.000906797,0.00106704,0.002352563,-0.00170061,0.155131392,18.64918033,21.09180328,15.81967213,13.55737705,77.7704918,77.45901639,79.75409836,29.73770492
Run1B,10,-0.201620955,-0.017909091,0.056727273,0.009249872,0.001456525,-0.001828005,0.005977628,-0.00040047,0.011214021,18.63436055,21.08967643,15.8146379,15.73543914,83.85053929,83.24345146,82.74653313,81.13867488
Run1B,11,-0.120586025,-0.035367831,0.080920897,0.00802253,0.000589046,-0.001276299,0.006113182,0.000407015,0.010609457,18.62867502,21.07725775,15.81404087,15.72847726,84.43243243,83.90507581,83.2656559,79.54251813
Run1C,1,0.507850863,-0.00666876,-0.020858713,0.020385926,-0.003175817,-0.004744293,0.006050799,0.00088214,0.006841217,18.37472527,21.2389325,15.91302983,16.0188383,79.40345369,79.5855573,79.31868132,77.87912088
Run1C,2,0.578090129,0.000194206,-0.012023605,0.020112387,-0.00243788,-0.005750431,0.00585932,0.001011669,0.008076497,18.35311159,21.21899142,15.89570815,15.95042918,80.75536481,81.08154506,80.40236052,79.53111588
Run1C,3,0.639284597,9.07E-05,-0.016928069,0.016481389,-0.000991989,-0.003932572,0.004582572,0.000572753,0.005705014,18.34730258,21.20203284,15.89280688,15.91360438,81.52384676,81.96950743,80.51993745,80.14229867
Run1C,4,0.722144571,0.004182364,-0.020654469,0.012639043,-0.001239766,-0.002790323,0.004034923,0.000336744,0.005269518,18.33623275,21.19196161,15.88266347,15.87924415,82.76064787,83.13497301,81.87222555,81.25434913
Run1C,5,0.79050878,0.019273171,-0.022930244,0.010693162,-0.001082504,-0.00240301,0.003527674,0.000361184,0.004347171,18.3284878,21.18195122,15.88253659,15.85814634,84.04487805,84.3497561,83.1195122,83.18243902
Run1C,6,0.84734448,0.020006044,-0.025926672,0.007590167,-0.000457254,-0.001322951,0.002439608,0.000123767,0.003192796,18.32352941,21.17671233,15.88138598,15.84210314,86.28686543,86.64786463,85.65269944,85.89685737
Run1C,7,0.674552434,0.032651279,0.021741094,0.013777462,0.000105778,-0.00331451,0.003681072,-9.65E-05,0.005437477,18.310286,21.16362268,15.86984446,15.81495233,84.0240843,84.26191671,82.85398896,82.91771199
Run1C,8,0.703923497,0.04270674,0.085040528,0.012518006,0.000251579,-0.001689046,0.003349031,1.21E-05,0.004456173,18.30892532,21.15979053,15.8681694,15.80204918,84.86566485,84.92759563,84.18943534,83.49954463
Run1C,9,0.840584086,0.099525161,0.091580215,0.006538498,-0.000108319,3.01E-05,0.002867488,0.000331088,0.003590862,18.30554839,21.1547957,15.86468817,15.79298925,83.44946237,84.12903226,83.07526882,82.07698925
Run1C,10,,,,,,,,,,,,,,,,,
Run1C,11,-0.20446395,0.005304075,0.059710031,0.008891912,0.001867764,-0.000935128,0.006108307,0.000583333,0.010066598,18.28605016,21.1387931,15.85062696,15.76684953,83.54075235,83.11990596,82.45611285,81.2523511
Run1C,12,0.53510975,0.053136921,0.047922749,0.006271483,0.001401175,-0.000612259,0.004515799,0.000253325,0.006344583,18.28769313,21.13436335,15.84491209,15.76249334,83.69898775,83.41022909,83.02557272,82.26425147
Run1D,1,0.527622727,-0.007527273,-0.010352273,0.020544371,-0.002907049,-0.004961497,0.00689874,0.001963585,0.00704056,19.11772727,21.1675,16.45840909,16.96795455,78.76818182,79.26363636,79.08409091,76.99772727
Run1D,2,0.6095625,-0.00477875,-0.00018125,0.018990034,-0.001032018,-0.004848006,0.006403275,0.000612776,0.006912581,19.113125,21.16925,16.465125,16.957875,79.6575,80.26,79.50125,78.25875
Run1D,3,0.691194417,-0.007844467,-0.002568295,0.020893588,-0.001132885,-0.005296468,0.00500074,0.000202512,0.006265549,19.11505484,21.16949153,16.466999,16.95034895,80.75473579,81.07178465,79.81256231,78.98005982
Run1D,4,0.761126187,0.00244844,-0.000834464,0.017492532,-0.000445774,-0.003977121,0.004433093,0.000421754,0.005613509,19.10759837,21.16221167,16.46356852,16.94104478,82.24016282,82.41587517,81.50746269,80.57598372
Run1D,5,0.862269592,0.004265413,-0.002172414,0.013774777,-0.001051545,-0.002778814,0.003655265,0.000456043,0.004508518,19.1085162,21.16175549,16.47147335,16.93568443,82.95559039,83.85632184,82.22257053,82.24294671
Run1D,6,0.943397723,-0.000535584,0.008105734,0.00772472,-9.45E-06,-0.001325206,0.002477936,0.000238206,0.003101472,19.10532737,21.15912973,16.46640911,16.92525417,85.9442863,85.84749898,84.86823912,84.91541277
Run1D,7,0.973601204,-0.001685966,0.520815655,0.006414593,-0.000162464,0.004928441,0.002018579,0.003397131,0.323224449,19.10180639,21.1532654,16.45321908,12.64705882,87.92357573,87.97498842,86.98332561,59.77211672
Run1D,8,0.761938462,0.014027404,0.056748077,0.011620824,-0.000655173,-0.002085028,0.0034734,0.000350718,0.004702701,19.09115385,21.14394231,16.46144231,16.89639423,84.50048077,84.53125,83.79278846,83.29903846
Run1D,9,0.929473756,0.06559288,0.060660885,0.007100891,-0.000112949,-0.000285791,0.00282785,0.000274652,0.003510925,19.08863533,21.14322227,16.455089,16.88918302,84.09630306,84.22774989,83.19899589,82.90141488
Run1D,10,1.054923077,-0.000769231,-0.233846154,0.006239917,0.001753941,-0.000128142,0.004454639,-0.000375266,0.002661361,19.07692308,21.15384615,16.44615385,16.89230769,75.69230769,76,78.53846154,76.30769231
Run1D,11,-0.181639769,0.020838617,0.060482709,0.012441202,0.000280078,-0.00260352,0.007554922,6.98E-05,0.012109019,19.06988473,21.11426513,16.44380403,16.86801153,82.58645533,81.74783862,81.76512968,79.75792507
Run1D,12,0.560676864,0.066662205,0.047498407,0.006915781,0.001179257,-0.001021509,0.004894179,3.55E-05,0.006398815,19.07068196,21.12262588,16.43715743,16.86558317,82.45570427,82.52262588,81.73677502,79.79222435
Run2A,1,0.479633978,0.014553867,-0.01370442,0.01437829,-0.001206734,-0.004035852,0.004975871,0.001080164,0.007254142,17.55027624,20.5558011,15.01104972,15.3160221,79.64502762,79.80524862,77.98342541,77.5538674
Run2A,2,0.551491592,0.008156281,-0.016410485,0.017008711,-0.001558293,-0.004602113,0.004677635,0.00045988,0.007313743,17.50642928,20.51285856,14.98476756,15.2529179,80.6330366,80.65974283,79.5479723,77.85361029
Run2A,3,0.633502929,0.010297071,-0.021666946,0.014642759,-0.000624476,-0.003855269,0.004254132,-2.99E-05,0.005955548,17.47824268,20.47891213,14.95974895,15.20543933,81.06108787,81.58410042,79.35732218,78.41004184
Run2A,4,0.722696556,0.018809617,-0.029411306,0.010993981,-0.000850676,-0.002800908,0.003603269,0.000182178,0.005227594,17.46549708,20.46439246,14.95250162,15.1754386,82.14554906,82.54580897,80.41130604,79.43274854
Run2A,5,0.815007032,0.017338021,-0.038630839,0.008469985,-0.000673508,-0.002268118,0.002748082,0.000176738,0.004462232,17.47267705,20.46765445,14.95685585,15.16077348,82.98643898,83.95479658,82.29683576,82.23154194
Run2A,6,0.885479419,-0.001785714,-0.058012107,0.00484278,-0.000553401,-0.000878446,0.00202741,0.000168917,0.007579799,17.4559322,20.46682809,14.61331719,14.54116223,85.69007264,86.14769976,81.7409201,76.23123487
Run2A,7,0.578218072,0.026104493,0.050528016,0.011879334,-3.21E-06,-0.002086119,0.00365472,0.00030775,0.005490024,17.42034326,20.41600202,14.92705704,15.11792024,83.71882887,84.14941949,83.0116103,82.26804644
Run2A,8,0.757656284,0.042226638,0.090064447,0.006956385,-0.000176761,0.000261629,0.002160955,0.000787116,0.005321949,17.4207304,20.41772288,14.92631579,14.8603652,78.74113856,81.3952739,80.70032223,77.27819549
Run2A,9,,,,,,,,,,,,,,,,,
Run2A,10,0.404973659,0.020992944,0.055231421,0.004769268,0.000244261,-0.00019968,0.004298326,0.00050944,0.006314667,17.37347131,20.37746943,14.89242709,15.06942615,85.08607714,85.23283161,83.8565381,79.39840075
Run2B,1,0.481312217,0.007789593,-0.015463801,0.024221038,-0.00259605,-0.005939769,0.006255994,0.000935767,0.007012298,17.60452489,20.11289593,14.74660633,15.62511312,79.17420814,79.41176471,79.07239819,76.97737557
Run2B,2,0.577962179,0.003529501,-0.015910741,0.023468569,-0.001831767,-0.005987892,0.005226437,0.000680709,0.007025325,17.56732224,20.07216339,14.69773071,15.57352496,79.81996974,80.01059002,79.17246596,77.301059
Run2B,3,0.672715909,0.014051768,-0.018587121,0.020369628,-0.000334109,-0.004826296,0.005217895,0.000149655,0.006517874,17.56111111,20.06578283,14.70290404,15.55050505,80.18813131,80.57449495,78.08964646,77.2739899
Run2B,4,0.789720784,0.013440784,-0.022684706,0.014338446,-0.001538402,-0.003213543,0.00430126,0.000226066,0.005621138,17.5547451,20.06384314,14.70360784,15.52156863,81.22666667,82.06980392,80.20078431,79.09098039
Run2B,5,0.851586345,0.01783362,-0.011167527,0.01265019,-0.001180078,-0.002707384,0.003260887,0.000104472,0.004618128,17.54383247,20.04922547,14.69701664,15.50516351,82.57601836,83.09982788,81.61273666,81.48479633
Run2B,6,0.903201264,0.007637513,0.003273973,0.009531547,-0.001278457,0.001079728,0.002678712,0.000131933,0.047230492,17.54994731,20.05616438,14.69357218,13.03445732,84.14541623,85.06638567,83.24446786,62.35194942
Run2B,7,0.712345307,0.037560255,0.081695829,0.013369924,-7.63E-05,-0.002093772,0.003631659,-0.000167965,0.005129928,17.52201622,20.02943221,14.67821553,15.46517961,82.77056779,83.47392816,81.98319815,81.29490151
Run2B,8,0.928291315,0.106246154,-0.027533499,0.007021483,1.23E-05,4.43E-05,0.002521699,0.000753627,0.004621422,17.51275434,20.03513648,14.67975186,15.45364764,82.74491315,83.8426799,81.86501241,82.30620347
Run2B,9,,,,,,,,,,,,,,,,,
Run2B,10,0.509378528,0.046001008,0.040977319,0.004958555,0.001084876,-0.000149217,0.004251911,0.00049412,0.006398324,17.48220766,20.00095766,14.6593246,15.41945565,84.40826613,84.25705645,83.24344758,82.85030242
Run2C,1,0.405494792,-0.009020833,0.0260625,0.01613926,0.001459088,-0.008031349,0.004767281,-0.000364853,0.010424579,18.30625,21.17135417,16.46510417,16.2578125,76.72916667,78.61979167,76.97395833,75.11979167
Run2C,2,0.694356846,-0.00576971,-0.04663278,0.026264989,0.003469071,-0.008684504,0.007205422,-0.000244477,0.009140535,18.3033195,21.15041494,16.45082988,16.21016598,79.43983402,78.87136929,79.08921162,76.9626556
Run2C,3,0.821415366,-0.0049988,-0.051843938,0.018229443,8.82E-05,-0.005060718,0.005904224,3.53E-05,0.007206492,18.30312125,21.15270108,16.4545018,16.19663866,80.83553421,80.72268908,78.05882353,78.66266507
Run2C,4,0.928334426,0.014121967,-0.040328525,0.012987508,-0.000262752,-0.003429895,0.004573127,0.000353875,0.006152826,18.3002623,21.14577049,16.46347541,16.18996721,81.92,82.27409836,80.93508197,80.5252459
Run2C,5,1.033629525,0.02287118,-0.028576399,0.010688485,-0.000678497,-0.002622716,0.003178242,0.000441539,0.004895051,18.29529854,21.14447579,16.45933239,16.17545839,83.89421721,84.08556653,82.86412788,82.68829337
Run2C,6,1.056801493,0.016693895,0.163698287,0.008974358,-0.0006188,0.000460529,0.002903523,-5.40E-05,0.199537721,18.29077734,21.1360123,16.45463329,14.75801493,84.68028107,85.20948617,83.89020641,73.15019763
Run2C,7,0.733287741,0.064044268,0.067638479,0.01816243,0.000538437,-0.00318233,0.005325196,0.000693305,0.006578311,18.26566402,21.10567537,16.4361521,16.10635641,82.85244041,83.06867196,82.46878547,81.45062429
Run2C,8,0.98832663,0.119097781,-0.134902219,0.009757361,0.000567779,-0.000123234,0.004221332,0.001112315,0.006723825,18.26102635,21.10339806,16.43418863,16.10409154,81.59708738,81.60124827,82.03536755,82.07212205
Run2C,9,1.102887879,0.070412121,-0.118548485,0.00905913,-0.000479587,-0.003206249,0.003862206,0.000534471,0.005354423,18.26272727,21.10090909,16.41969697,16.09,79.00909091,79.68181818,79.27575758,77.47575758
Run2C,10,0.586583886,0.057736869,0.025738909,0.007915033,8.62E-05,-0.001865102,0.005101386,0.000664651,0.007434605,18.24864865,21.08281489,16.41718511,16.09347272,83.57929628,83.08771035,82.89240184,81.94339623
Run2D,1,0.453905093,0.01524537,-0.002226852,0.032076905,-0.002416935,-0.007353468,0.008035431,0.002368049,0.010008296,18.7099537,21.70925926,16.81736111,16.99884259,78.73611111,79.06481481,79.29398148,76.56481481
Run2D,2,0.585008741,0.01076049,0.00125,0.032949977,0.000560799,-0.007893537,0.008032448,0.001029282,0.009349971,18.6979021,21.69667832,16.80664336,16.9701049,79.22902098,79.66083916,79.25874126,75.97027972
Run2D,3,0.749942966,0.016062104,-0.029070976,0.024204434,0.000741068,-0.004262226,0.006820469,0.000967415,0.007617835,18.69036755,21.6896071,16.80747782,16.95335868,79.9252218,80.51964512,79.83269962,78.08365019
Run2D,4,0.856364575,0.021446386,-0.029658459,0.019335336,-0.000895789,-0.002426238,0.004800531,0.000536074,0.005827318,18.68951549,21.6929309,16.80659253,16.94725973,81.63145353,81.63065925,80.85623511,80.15726767
Run2D,5,0.946932162,0.011797698,-0.022487583,0.015303409,-0.000364883,-0.001975049,0.003991763,0.000473757,0.005331116,18.68940036,21.69460933,16.8090854,16.937553,82.2241066,82.51907935,81.56632344,81.37855845
Run2D,6,1.01409556,0.005425793,-0.016961945,0.008079833,-0.0004313,-0.000888256,0.002894815,4.76E-05,0.003571209,18.68617336,21.68393235,16.8045666,16.92832981,84.93699789,85.16321353,84.33530655,84.55729387
Run2D,7,0.785369231,0.056491639,0.084269565,0.018974339,0.000515806,-0.003923485,0.005511731,0.000505572,0.00665961,18.67371237,21.6664214,16.7980602,16.90849498,81.99264214,82.09230769,81.55785953,80.33244147
Run2D,8,0.977514187,0.091367474,-0.103520415,0.010054434,0.000525771,-0.001354114,0.004006983,0.000362255,0.005172416,18.66733564,21.66442907,16.79176471,16.89764706,81.74809689,81.34948097,81.06435986,80.68581315
Run2D,9,1.106553663,0.008035775,-0.107032368,0.010154837,-0.000432681,-0.002764728,0.003872437,0.000786855,0.005388795,18.65689949,21.66183986,16.78194208,16.88296422,79.16013629,78.97103918,79.42759796,76.9693356
Run2D,10,0.623405183,0.049628951,0.015231985,0.010262549,0.000706956,-0.001849549,0.006354209,0.000759807,0.007261904,18.64386852,21.63647282,16.77673831,16.87149178,82.04298357,81.95638432,81.45828066,80.69785082
Run3A,1,0.506119772,0.029081749,0.00641635,0.026995421,0.001705215,-0.005184628,0.006787394,0.000968124,0.008073962,18.87243346,20.83193916,16.32927757,17.30019011,79.14828897,78.64638783,79.09885932,75.70152091
Run3A,2,0.625176296,0.01897037,-0.001813333,0.026084649,0.000860377,-0.005900627,0.005761347,0.001077286,0.00889057,18.86548148,20.82992593,16.31333333,17.35881481,79.41481481,79.82666667,79.26814815,71.48444444
Run3A,3,0.756668496,0.015401756,-0.010587267,0.020711019,0.000832799,-0.005018882,0.004999839,0.000196025,0.0066795,18.84182217,20.80493963,16.30109769,17.28342481,80.22612514,80.27442371,79.22941822,75.26454446
Run3A,4,0.904050883,0.018370318,-0.021333569,0.013247692,-0.000101043,-0.002804498,0.003496878,0.000127369,0.005171169,18.85173145,20.82162544,16.31710247,17.23088339,81.63462898,82.16183746,79.28409894,79.55971731
Run3A,5,0.982204251,0.01233437,0.495856921,0.006841569,-0.000395498,0.002008878,0.002621304,0.00132666,0.308573407,18.85935718,20.83048212,16.32555728,12.88040435,83.74650078,84.53913945,82.56817004,50.80663556
Run3A,6,0.64985034,0.01042328,0.004586546,0.021524463,0.001790195,-0.004345099,0.006191261,0.000245279,0.007533354,18.80430839,20.75608466,16.27687075,17.17838246,81.61904762,81.74905518,80.01209373,78.92063492
Run3A,7,0.767037679,0.029863038,0.110973684,0.014106137,0.000340168,-0.002623912,0.00418955,0.000363315,0.005472597,18.81285885,20.77392344,16.28965311,17.18869617,82.04485646,81.84629187,81.20574163,79.58133971
Run3A,8,0.70969697,0.054727273,-0.116606061,0.019056757,0.006395796,-0.005262972,0.016188865,0.004069471,0.00676236,18.7969697,20.74848485,16.29090909,17.14242424,77.48484848,76.87878788,78.12121212,72.18181818
Run3A,9,1.043825301,0.096114458,-0.035451807,0.007829216,0.000806731,-0.000842663,0.002335318,0.000152985,0.003218585,18.80662651,20.7560241,16.28072289,17.15301205,77.27108434,77.11445783,77.28313253,74.69879518
Run3A,10,0.483749477,0.023410707,0.052491008,0.004610585,-0.000113192,-0.000767217,0.003538628,0.000814443,0.005901843,18.76821414,20.72233375,16.25043915,17.15014638,86.18193225,86.23212045,83.36930155,83.52488499
Run3B,1,0.529517442,0.012895349,0.004491279,0.030358122,4.71E-05,-0.008276135,0.00841371,0.001800598,0.010176802,17.57790698,20.57325581,14.71424419,15.26104651,79.02616279,78.60174419,78.5494186,76.56976744
Run3B,2,0.643615711,0.009012739,0.000923567,0.035172457,0.001099264,-0.006841409,0.008011282,0.001014693,0.008984381,17.54883227,20.5462845,14.70106157,15.21995754,79.05307856,78.97452229,78.68577495,71.32696391
Run3B,3,0.818944286,0.004311429,-0.021904286,0.02699875,0.001027829,-0.003844568,0.00570838,0.000321356,0.006124552,17.52571429,20.51985714,14.687,15.19557143,80.19714286,79.91142857,79.59857143,75.68857143
Run3B,4,0.927843209,0.000247949,-0.016487694,0.016090462,-0.000751856,-0.002620053,0.004146766,0.000468077,0.005322593,17.5284412,20.51786691,14.68906108,15.16426618,81.42114859,81.30355515,79.64904284,79.1905196
Run3B,5,1.000081285,-0.00605041,-0.016664146,0.010642003,-0.000404283,-0.001040903,0.003024871,0.000355982,0.004155012,17.51776938,20.5152489,14.68890989,15.14385633,82.1020794,82.46502836,81.21613106,81.39760555
Run3B,6,1.025909648,-0.007993364,-0.016070444,0.0087032,-0.000451028,-0.000546282,0.002523732,4.14E-05,0.003787046,17.50862685,20.5071465,14.67314957,15.12991322,82.96630934,83.49617152,82.27565084,81.96681981
Run3B,7,0.811985822,0.011282736,0.062371143,0.018300638,0.001092122,-0.003944924,0.005779299,0.000595052,0.006869841,17.48632193,20.47798165,14.65429525,15.10608841,80.72143453,80.90658882,80.51793161,76.75062552
Run3B,8,0.960394231,-0.017376479,-0.066446006,0.012585545,0.000845147,-0.002272738,0.003453791,0.000108533,0.005185231,17.47877219,20.46886095,14.63424556,15.09482249,80.92677515,80.71819527,79.97263314,77.49778107
Run3B,9,1.079954748,-0.028475519,-0.011039318,0.008907746,0.000332485,-0.002261093,0.003467554,0.000578101,0.004957906,17.47781899,20.46246291,14.64087537,15.07937685,80.35608309,79.88204748,79.57863501,78.55934718
Run3B,10,1.034892857,-0.0505,-0.065821429,0.024554667,-0.001723232,-0.004726552,0.00248625,0.000467232,0.003237361,17.45714286,20.44285714,14.66428571,15.06071429,75.82142857,77.78571429,76.32142857,76.39285714
Run3B,11,0.651604704,0.00833308,0.014319423,0.014507099,0.002912105,-0.003205938,0.005763623,0.000617463,0.007905802,17.44939302,20.43247344,14.6292868,15.0585736,81.67602428,80.95599393,80.42412747,78.62898331
Run3B,12,0.658258114,0.007125193,0.015232612,0.0134146,0.002486496,-0.00242796,0.005827524,0.001199096,0.007715911,17.42132921,20.41785162,14.61421947,15.05231839,81.55564142,80.69397218,80.26970634,78.47913447
Run3C,1,0.447924883,-0.007370892,0.007267606,0.033907703,-0.002733756,-0.006658346,0.008645078,0.001323977,0.010806478,18.29295775,21.11643192,15.85774648,15.81314554,77.87793427,78.3286385,78.02347418,74.90610329
Run3C,2,0.641646865,0.007617162,-0.001059406,0.041761813,0.00079769,-0.010045196,0.008354738,0.000463136,0.009139752,18.28646865,21.13630363,15.85313531,15.82673267,78.64356436,78.25412541,77.94059406,74.9009901
Run3C,3,0.816133652,-0.003966587,-0.005126492,0.035042326,0.001362334,-0.00661837,0.006919068,0.000227439,0.007757437,18.29164678,21.12673031,15.84272076,15.80930788,79.01431981,78.81145585,79.07159905,76.27207637
Run3C,4,0.972331354,-0.006552257,-0.003678147,0.022301108,0.001014999,-0.002700816,0.004735737,0.000625367,0.005575955,18.29097387,21.13491686,15.84406176,15.80748219,80.12470309,80.20902613,79.45249406,78.84916865
Run3C,5,1.052704413,-0.014915903,0.01450791,0.014347915,-0.000419157,-0.001466837,0.003889692,0.000525525,0.004532123,18.28617818,21.1316403,15.84970858,15.79258951,81.69525396,81.83430475,81.02830974,80.51040799
Run3C,6,1.076971338,-0.02969172,0.016129299,0.011188506,-0.000764924,-0.000886496,0.003299734,0.000180976,0.004309054,18.28133758,21.12573248,15.84764331,15.78566879,82.34394904,82.04140127,81.59171975,81.32165605
Run3C,7,0.946421009,0.006808933,0.045852771,0.016195321,0.000522096,-0.003392939,0.004944173,0.000492328,0.006241967,18.26873449,21.10860215,15.84243176,15.76964433,80.61538462,80.80562448,80.09098428,78.69478908
Run3C,8,1.030022258,0.024628776,-0.022806041,0.013404855,0.000585459,-0.002392325,0.003853666,0.000573733,0.006233735,18.27233704,21.10620032,15.82384738,15.75127186,80.63751987,80.290938,79.72972973,78.49046105
Run3C,9,1.066565588,0.015483816,-0.065022147,0.013175431,-0.00017318,-0.003896574,0.004447957,0.001310396,0.005924257,18.26030664,21.09795571,15.82879046,15.74207836,79.36967632,78.49574106,78.95741056,77.32367973
Run3C,10,1.143958333,-0.040858333,-0.086091667,0.009790023,0.000245598,-0.001412704,0.004858005,0.000436271,0.00461045,18.26,21.11,15.8125,15.74083333,77.23333333,77.46666667,77.13333333,75.83333333
Run3C,11,0.686349065,0.038100623,0.022334817,0.013599477,0.002730247,-0.003508975,0.006875348,0.000517499,0.008361614,18.24861977,21.07978629,15.82154942,15.74639359,81.00979519,80.32413179,80.07123776,78.23686554
Run3D,1,0.491371681,0.014619469,0.037132743,0.031792251,-0.000890558,-0.007285704,0.01090351,0.002454944,0.010751053,18.32654867,21.16106195,15.86637168,15.58584071,78.11504425,78.36283186,77.82300885,75.62831858
Run3D,2,0.703784431,-0.000922156,0.022437126,0.054834373,-0.001083468,-0.011734026,0.009582539,0.000687774,0.011008414,18.2988024,21.17305389,15.86706587,15.55389222,77.69461078,77.45508982,77.67664671,73.74251497
Run3D,3,0.856142336,-0.001678832,0.017018248,0.046776407,-0.001232221,-0.009451948,0.009211546,0.00092552,0.007439938,18.30839416,21.14051095,15.85912409,15.54416058,78.47080292,78.70437956,78.03649635,75.28467153
Run3D,4,1.03714006,0.007519578,0.034650602,0.023519334,-0.000561671,-0.00332968,0.00524284,0.00049385,0.005464607,18.30240964,21.14503012,15.86340361,15.51521084,80.125,80.20331325,78.60993976,78.26957831
Run3D,5,1.105824561,-0.002597327,0.062139515,0.016781249,-0.000927289,-0.002095853,0.003870837,0.000464166,0.004405061,18.29933166,21.14352548,15.85998329,15.51219716,81.33667502,81.4887218,80.64160401,79.84878864
Run3D,6,1.154292165,-0.010456175,0.077446879,0.012378915,-0.000920226,-0.000331666,0.003746098,0.000205761,0.003618263,18.29163347,21.13705179,15.85292165,15.49342629,81.88911023,81.9873838,81.14209827,80.87915007
Run3D,7,0.963565116,0.011280233,0.024684884,0.021461492,-0.001418584,-0.004336832,0.006089999,0.000621192,0.006776307,18.27232558,21.12069767,15.8444186,15.46325581,79.95581395,79.97209302,79.47906977,77.41627907
Run3D,8,1.086328125,0.000426042,-0.028907292,0.014847418,-0.001871229,-0.002705536,0.004594817,0.000409341,0.005930382,18.27020833,21.1171875,15.845,15.4534375,80.07916667,80.36145833,79.13958333,78.234375
Run3D,9,1.14793553,0.0025,-0.05580659,0.014263708,-0.001288845,-0.002672446,0.003528084,0.000465612,0.00550009,18.25945559,21.10716332,15.83939828,15.44068768,79.71346705,79.65902579,78.93553009,77.92836676
Run3D,10,1.200596154,-0.017846154,-0.076233974,0.014335516,-4.44E-05,-0.001345646,0.004005348,0.001345699,0.005125795,18.26826923,21.10064103,15.81698718,15.42788462,77.72435897,77.60897436,78.04166667,76.1474359
Run3D,11,0.79563764,0.025439607,0.019853933,0.020464225,0.000191244,-0.005219023,0.007740567,0.000109009,0.007604305,18.24985955,21.08735955,15.83047753,15.42345506,79.31741573,79.07724719,78.38623596,76.90308989
Run4A,1,0.497920668,0.00765762,0.013377871,0.019174582,0.000431618,-0.004931156,0.005904722,0.00072129,0.007184381,17.96597077,20.62922756,15.67954071,15.44509395,79.60751566,79.54488518,78.42797495,75.97912317
Run4A,2,0.579378247,-0.000774351,0.006603896,0.020829268,0.001504846,-0.004983493,0.006115025,0.000458185,0.006541642,17.87581169,20.57435065,15.63814935,15.51785714,80.19805195,80.05194805,77.68668831,76.44805195
Run4A,3,0.686309278,0.001160367,0.000180985,0.020963536,0.000808386,-0.004258786,0.004612753,0.000404364,0.005644112,17.90504009,20.59702176,15.63848797,15.39564719,80.40091638,80.80183276,78.24856816,77.21076747
Run4A,4,0.792645868,-0.003400506,-0.006859191,0.0124172,-0.000214032,-0.002592775,0.003598567,0.00036261,0.005166897,17.88853288,20.57344013,15.63001686,15.33052277,81.85581788,82.1163575,79.19983137,74.24367622
Run4A,5,0.880990261,-0.011261917,-0.012604818,0.007454593,-0.000496932,-0.001339608,0.002402891,0.000324393,0.003350192,17.90963608,20.58344439,15.64208098,15.31255766,82.82726807,83.65043567,81.4818042,80.75653511
Run4A,6,0.900394171,-0.017519778,-0.01580916,0.006350859,-0.000825955,-0.001026386,0.002418526,0.000504083,0.013835481,17.91519778,20.60263706,15.56127689,13.82088827,83.91811242,84.98195697,81.78972935,67.07702984
Run4A,7,0.646051876,0.022603753,0.053451987,0.012376934,-0.000249101,-0.00135111,0.003312045,-2.97E-06,0.00518596,17.82522075,20.52179912,15.58967991,15.27516556,82.80353201,83.83443709,81.78200883,80.6986755
Run4A,8,0.836919468,0.037813917,0.045221267,0.004724937,-0.000106386,-0.000440026,0.002498697,0.000385227,0.003750749,17.91821736,20.69108679,15.61665364,15.29116497,79.40500391,75.78498827,80.35027365,73.03909304
Run4A,9,,,,,,,,,,,,,,,,,
Run4A,10,-0.10694544,0.023699511,0.08893241,0.008987666,-0.000507252,-0.000585925,0.003743336,-0.000256766,0.007618757,17.70260586,20.39006515,15.49861564,15.2036645,86.03501629,85.79641694,83.31514658,80.20684039
Run4A,11,0.438108883,0.007212512,0.063964183,0.0041879,0.000237134,6.57E-06,0.004486089,0.001274904,0.006058883,17.74245463,20.42201528,15.51919771,15.20530086,84.68863419,85.04632283,83.76552053,81.95367717
Run4B,1,0.555856354,0.0155,0.018779006,0.022584327,-2.83E-05,-0.005407452,0.007179117,0.001459064,0.007862946,18.98176796,21.53756906,16.41187845,17.35276243,78.49723757,78.03314917,78.16850829,75.52486188
Run4B,2,0.642112051,0.011357294,0.008439746,0.022677233,6.46E-05,-0.005289227,0.006412154,0.000713371,0.007117756,18.9756871,21.53150106,16.40528541,17.33382664,79.19238901,78.92389006,78.27906977,76.26849894
Run4B,3,0.746431193,0.00583792,0.002175841,0.022928909,0.000138512,-0.005087408,0.005674732,5.81E-05,0.006749377,18.97522936,21.54342508,16.40764526,17.31498471,79.69266055,79.94648318,78.28746177,74.9266055
Run4B,4,0.883729492,0.003203125,-0.004505859,0.014203283,-3.60E-06,-0.002736367,0.004030101,0.000181846,0.004706498,18.98076172,21.53427734,16.40800781,17.30488281,81.18261719,80.99609375,79.99707031,77.91308594
Run4B,5,0.959783427,0.011398619,0.008571877,0.009509843,-0.000851768,-0.001882087,0.002773469,0.000246276,0.003932368,18.97984934,21.55417451,16.41607031,17.3005022,82.48462021,82.87947269,81.5994978,81.21217828
Run4B,6,0.970023909,0.006883576,0.191677755,0.007642761,-0.000778429,0.004423628,0.002684679,-0.000560808,0.202975462,18.99365904,21.55623701,16.41195426,13.17110187,83.08316008,83.75363825,82.1029106,59.46257796
Run4B,7,0.74510199,0.026307214,0.052697139,0.012535185,-0.000917097,-0.00234196,0.00398143,-0.000189212,0.005588696,18.95242537,21.50572139,16.39396766,17.2681592,81.81405473,82.64365672,80.9340796,80.01368159
Run4B,8,0.894185086,0.019090129,-0.05078809,0.007092005,-0.000892104,-0.000348034,0.002673128,-5.96E-05,0.003914779,18.93374464,21.48310086,16.38175966,17.24291845,82.34066524,83.02306867,80.89109442,80.9055794
Run4B,9,0.882333333,0.0955,-0.161833333,0.005731222,7.32E-05,-0.007254722,0.000559583,-0.000247417,0.011942472,18.93333333,21.53333333,16.38333333,14.38333333,76,77,76.5,56.33333333
Run4B,10,0.031035714,-0.020369048,0.167214286,0.012094439,-0.000332808,-0.001233115,0.009188423,-0.001406469,0.007494811,18.80833333,21.40357143,16.31666667,17.18809524,81.94047619,80.61904762,79.97619048,72.73809524
Run4B,11,0.497533076,-0.004156446,0.064151135,0.004374983,0.000361777,-0.00049322,0.003463382,0.000462063,0.005940492,18.86436504,21.38749396,16.33737325,17.20246258,84.3853211,84.31675519,83.18879768,82.0395944
Run4C,1,0.546667752,0.000988599,0.002130293,0.024037183,-0.000806732,-0.006477641,0.007036897,0.000948506,0.009824084,18.72915309,21.18778502,16.17915309,16.66824104,79.247557,79.41856678,79.11726384,77.0781759
Run4C,2,0.63890125,-0.00602,-6.63E-05,0.023799289,0.000900861,-0.005089335,0.0065642,0.000521631,0.007711479,18.7045,21.1655,16.17175,16.618375,80.1475,79.965,79.20875,76.475
Run4C,3,0.735806647,-0.008414904,-0.016502518,0.021585322,-9.85E-06,-0.004592185,0.005998575,0.000554714,0.007489213,18.69617321,21.14320242,16.16173212,16.60221551,80.55891239,80.83081571,80.10775428,77.6223565
Run4C,4,0.853117965,-0.011436392,-0.032299152,0.017159725,-0.000539271,-0.003060464,0.004278823,0.000368088,0.005921291,18.68936006,21.14101773,16.15690054,16.57309175,81.71164225,81.88589052,80.58673863,80.22976099
Run4C,5,0.942013963,-0.011356069,-0.045760473,0.010881725,-0.000964351,-0.001337787,0.003589541,0.000401905,0.004679618,18.68603652,21.13383459,16.16358754,16.56047261,83.55531686,83.80504834,82.66756176,82.49033298
Run4C,6,0.97980527,-0.00088477,-0.046435462,0.008259907,-0.000507491,-0.001231561,0.002657461,0.000167575,0.004178209,18.6792318,21.12666369,16.15520322,16.54944172,84.36668155,84.91960697,83.63287182,83.84010719
Run4C,7,0.757714203,-0.000671884,0.060566957,0.016708981,-0.000753484,-0.003864623,0.00473383,0.000613698,0.00631116,18.65744928,21.10417391,16.14457971,16.53350725,82.46550725,82.77507246,82.01217391,81.1542029
Run4C,8,0.934281517,-0.005687678,-0.043285308,0.010289175,-0.000721444,-0.001485471,0.003678292,-7.61E-05,0.005240341,18.65777251,21.10109005,16.14341232,16.52450237,83.05876777,83.73554502,82.47251185,82.25165877
Run4C,9,1.04975,0.088571429,-0.157535714,0.004524902,0.000488714,0.000288902,0.001145459,0.000715949,0.005116534,18.64642857,21.07142857,16.10357143,16.50357143,77.60714286,76.78571429,78.89285714,77.21428571
Run4C,10,-0.012967742,-0.049,0.19616129,0.018953322,-0.004442484,-0.003969392,0.007281161,-0.000463419,0.007903232,18.60967742,21.04193548,16.10967742,16.53548387,80.06451613,78.03225806,79.22580645,73.41935484
Run4C,11,0.480593012,-9.55E-05,0.031198327,0.006329031,0.000673325,-0.00101714,0.0040693,0.000540289,0.006753306,18.6109252,21.04601378,16.11072835,16.48139764,85.33661417,84.85088583,81.31742126,83.61958661
Run4D,1,0.501582051,0.006133333,0.014738462,0.027559228,-0.001607429,-0.006878058,0.008594198,0.000835096,0.010059239,18.32769231,21.1625641,15.88846154,16.29358974,78.8,79.03589744,78.63076923,75.92307692
Run4D,2,0.657537919,0.00878836,-8.29E-05,0.030931825,-0.000508921,-0.006214536,0.008480177,0.000579893,0.008187212,18.31075838,21.15220459,15.87001764,16.25731922,79.61728395,79.72663139,79.07583774,75.63844797
Run4D,3,0.75279096,0.002830508,-0.004305085,0.0281914,0.000802185,-0.003705692,0.006828127,0.000601369,0.007844867,18.2970339,21.13799435,15.8670904,16.22838983,79.71751412,79.54237288,79.41242938,77.16525424
Run4D,4,0.908204352,0.001980132,-0.00869158,0.020524231,-0.000516236,-0.00296677,0.005275001,-7.76E-05,0.005941634,18.29441816,21.13122044,15.86367077,16.20756859,81.16745506,81.11069063,80.00662252,79.35950804
Run4D,5,0.987415045,-0.000352789,-0.006623865,0.015462542,-0.000739538,-0.001705842,0.003981475,0.000239025,0.004756402,18.29455253,21.12619974,15.86355383,16.19254215,82.24708171,82.50843061,81.47276265,81.16407263
Run4D,6,1.025541461,-0.00835538,0.001306515,0.010564156,-0.000270444,-0.00074561,0.003148273,0.000161635,0.003708911,18.29279368,21.13203356,15.86233959,16.1730997,83.84106614,83.81885489,82.93978282,82.97384008
Run4D,7,0.848318821,0.024632954,0.071772271,0.020295505,-0.001002726,-0.003138096,0.00476355,1.78E-05,0.006291838,18.26979236,21.10234427,15.85157401,16.1454789,81.70462157,82.05425318,81.26389819,80.43737441
Run4D,8,0.999890434,0.009587319,-0.028355951,0.011559621,-0.000566,-0.001814266,0.003504109,0.000222909,0.005562785,18.26701891,21.09883204,15.84671858,16.12703003,82.63737486,82.74694105,81.66573971,81.2836485
Run4D,9,1.183607989,0.036811781,-0.1229174,0.007158788,-0.000413508,-0.001452382,0.003247297,0.001059484,0.004179694,18.26547055,21.0943805,15.84170616,16.12295193,81.17874069,80.9634394,80.69126608,80.36425186
Run4D,10,0.604,-0.201,0.005,0,0,0,0,0,0,18.2,21.1,15.8,16.1,77,73,76,73
Run4D,11,0.557484752,0.009530496,0.043510165,0.010095949,0.000318864,-0.002252249,0.004854287,0.000788917,0.007085709,18.21874206,21.02884371,15.81099111,16.07534943,83.01651842,83.03367217,80.73761118,81.33100381